Workbook

Sheet Summary
A1: cabang | B1: Omset Jan25 | C1: Omset Mei26 | D1: Growth | E1: latitude_cabang | F1: longitude_cabang | G1: Persen Growth | H1: Kategori | I1: lama_buka_bulan
A2: GGP031 | B2: 2304800000 | C2: 3322750000 | D2: =C2-B2 -> 1017950000 | E2: =VLOOKUP(A2,KOORDINAT!A:B,2,0) -> -6.150095 | F2: =VLOOKUP(A2,KOORDINAT!A:C,3,0) -> 106.81736 | G2: =D2/B2 -> 0.44166522 | H2: =IFS(G2 > 35%, "Sangat Baik", G2 >= 0%, "Baik", G2 >= -35%, "Kurang Baik", G2 < -35%, "Jelek") -> Sangat Baik | I2: 104
A3: MGW001 | B3: 1970100000 | C3: 3302900000 | D3: =C3-B3 -> 1332800000 | E3: =VLOOKUP(A3,KOORDINAT!A:B,2,0) -> -8.741153 | F3: =VLOOKUP(A3,KOORDINAT!A:C,3,0) -> 115.17865 | G3: =D3/B3 -> 0.67651388 | H3: =IFS(G3 > 35%, "Sangat Baik", G3 >= 0%, "Baik", G3 >= -35%, "Kurang Baik", G3 < -35%, "Jelek") -> Sangat Baik | I3: 104
A4: DPR001 | B4: 2672300000 | C4: 3207300000 | D4: =C4-B4 -> 535000000 | E4: =VLOOKUP(A4,KOORDINAT!A:B,2,0) -> -8.68093 | F4: =VLOOKUP(A4,KOORDINAT!A:C,3,0) -> 115.20171 | G4: =D4/B4 -> 0.20020207 | H4: =IFS(G4 > 35%, "Sangat Baik", G4 >= 0%, "Baik", G4 >= -35%, "Kurang Baik", G4 < -35%, "Jelek") -> Baik | I4: 104
A5: GGP033 | B5: 2025350000 | C5: 2862550000 | D5: =C5-B5 -> 837200000 | E5: =VLOOKUP(A5,KOORDINAT!A:B,2,0) -> -6.16589 | F5: =VLOOKUP(A5,KOORDINAT!A:C,3,0) -> 106.79969 | G5: =D5/B5 -> 0.41336065 | H5: =IFS(G5 > 35%, "Sangat Baik", G5 >= 0%, "Baik", G5 >= -35%, "Kurang Baik", G5 < -35%, "Jelek") -> Sangat Baik | I5: 105
A6: KYB003 | B6: 2273900000 | C6: 2847050000 | D6: =C6-B6 -> 573150000 | E6: =VLOOKUP(A6,KOORDINAT!A:B,2,0) -> -6.207533 | F6: =VLOOKUP(A6,KOORDINAT!A:C,3,0) -> 106.79079 | G6: =D6/B6 -> 0.25205594 | H6: =IFS(G6 > 35%, "Sangat Baik", G6 >= 0%, "Baik", G6 >= -35%, "Kurang Baik", G6 < -35%, "Jelek") -> Baik | I6: 129
A7: KYB005 | B7: 2345850000 | C7: 2656750000 | D7: =C7-B7 -> 310900000 | E7: =VLOOKUP(A7,KOORDINAT!A:B,2,0) -> -6.217174 | F7: =VLOOKUP(A7,KOORDINAT!A:C,3,0) -> 106.8445 | G7: =D7/B7 -> 0.13253192 | H7: =IFS(G7 > 35%, "Sangat Baik", G7 >= 0%, "Baik", G7 >= -35%, "Kurang Baik", G7 < -35%, "Jelek") -> Baik | I7: 127
A8: KYB009 | B8: 2637850000 | C8: 2578500000 | D8: =C8-B8 -> -59350000 | E8: =VLOOKUP(A8,KOORDINAT!A:B,2,0) -> -6.262134 | F8: =VLOOKUP(A8,KOORDINAT!A:C,3,0) -> 106.79675 | G8: =D8/B8 -> -0.022499384 | H8: =IFS(G8 > 35%, "Sangat Baik", G8 >= 0%, "Baik", G8 >= -35%, "Kurang Baik", G8 < -35%, "Jelek") -> Kurang Baik | I8: 123
A9: DPR003 | B9: 1723450000 | C9: 2537200000 | D9: =C9-B9 -> 813750000 | E9: =VLOOKUP(A9,KOORDINAT!A:B,2,0) -> -8.694612 | F9: =VLOOKUP(A9,KOORDINAT!A:C,3,0) -> 115.21872 | G9: =D9/B9 -> 0.47216339 | H9: =IFS(G9 > 35%, "Sangat Baik", G9 >= 0%, "Baik", G9 >= -35%, "Kurang Baik", G9 < -35%, "Jelek") -> Sangat Baik | I9: 58
A10: GGP001 | B10: 1852850000 | C10: 2360150000 | D10: =C10-B10 -> 507300000 | E10: =VLOOKUP(A10,KOORDINAT!A:B,2,0) -> -6.187187 | F10: =VLOOKUP(A10,KOORDINAT!A:C,3,0) -> 106.80764 | G10: =D10/B10 -> 0.27379442 | H10: =IFS(G10 > 35%, "Sangat Baik", G10 >= 0%, "Baik", G10 >= -35%, "Kurang Baik", G10 < -35%, "Jelek") -> Baik | I10: 125
A11: CKR010 | B11: 1690800000 | C11: 2287650000 | D11: =C11-B11 -> 596850000 | E11: =VLOOKUP(A11,KOORDINAT!A:B,2,0) -> -6.378256 | F11: =VLOOKUP(A11,KOORDINAT!A:C,3,0) -> 107.11203 | G11: =D11/B11 -> 0.35299858 | H11: =IFS(G11 > 35%, "Sangat Baik", G11 >= 0%, "Baik", G11 >= -35%, "Kurang Baik", G11 < -35%, "Jelek") -> Sangat Baik | I11: 78
A12: TNA005 | B12: 1687550000 | C12: 2082100000 | D12: =C12-B12 -> 394550000 | E12: =VLOOKUP(A12,KOORDINAT!A:B,2,0) -> -6.187989 | F12: =VLOOKUP(A12,KOORDINAT!A:C,3,0) -> 106.86392 | G12: =D12/B12 -> 0.23380048 | H12: =IFS(G12 > 35%, "Sangat Baik", G12 >= 0%, "Baik", G12 >= -35%, "Kurang Baik", G12 < -35%, "Jelek") -> Baik | I12: 124
A13: DPR007 | B13: 1200500000 | C13: 1990000000 | D13: =C13-B13 -> 789500000 | E13: =VLOOKUP(A13,KOORDINAT!A:B,2,0) -> -8.681106 | F13: =VLOOKUP(A13,KOORDINAT!A:C,3,0) -> 115.20131 | G13: =D13/B13 -> 0.65764265 | H13: =IFS(G13 > 35%, "Sangat Baik", G13 >= 0%, "Baik", G13 >= -35%, "Kurang Baik", G13 < -35%, "Jelek") -> Sangat Baik | I13: 95
... A1158: TJP029 | B1158: 0 | C1158: 111800000 | D1158: =C1158-B1158 -> 111800000 | E1158: =VLOOKUP(A1158,KOORDINAT!A:B,2,0) -> -6.108197 | F1158: =VLOOKUP(A1158,KOORDINAT!A:C,3,0) -> 106.72011 | G1158: =D1158/B1158 -> #DIV/0! | H1158: =IFS(G1158 > 35%, "Sangat Baik", G1158 >= 0%, "Baik", G1158 >= -35%, "Kurang Baik", G1158 < -35%, "Jelek") -> #DIV/0! | I1158: 13

Sheet KOORDINAT
A1: nama_cabang | B1: latitude_cabang | C1: longitude_cabang
A2: PENJUALAN
A3: CKG001 | B3: -6.189655 | C3: 106.89099
A4: TNA001 | B4: -6.170378 | C4: 106.86612
A5: KYB001 | B5: -6.218429 | C5: 106.8452
A6: GGP001 | B6: -6.187187 | C6: 106.80764
A7: KYB002 | B7: -6.274773 | C7: 106.84618
A8: TJP001 | B8: -6.13006 | C8: 106.90106
A9: KYB003 | B9: -6.207533 | C9: 106.79079
A10: GGP002 | B10: -6.164994 | C10: 106.78249
A11: BKS001 | B11: -6.267963 | C11: 106.9116
A12: KYB004 | B12: -6.254488 | C12: 106.84263
A13: TNA002 | B13: -6.172233 | C13: 106.86355
A14: DPK001 | B14: -6.388311 | C14: 106.82662
... A29: GGP004 | B29: -6.152109 | C29: 106.7969
A30: CKG007
A31: KTB
A32: GGP005 | B32: -6.137781 | C32: 106.75926
A33: GGP006 | B33: -6.15357 | C33: 106.7257
A34: CKG008 | B34: -6.25761 | C34: 106.8638
A35: CKG009 | B35: -6.240151 | C35: 106.86915
A36: TNA004 | B36: -6.169646 | C36: 106.86772
A37: GGP007 | B37: -6.165685 | C37: 106.78407
A38: CKG010 | B38: -6.19601 | C38: 106.85896
A39: CKG011 | B39: -6.196607 | C39: 106.8912
A40: KYB006
A41: DPK006 | B41: -6.387814 | C41: 106.82682
A42: CKG012 | B42: -6.266678 | C42: 106.86598
A43: KYB007 | B43: -6.236131 | C43: 106.89762
A44: CKG013 | B44: -6.188145 | C44: 106.86359
A45: TNA005 | B45: -6.187989 | C45: 106.86392
A46: CKG014 | B46: -6.227623 | C46: 106.92097
A47: CKG015 | B47: -6.226897 | C47: 106.86706
A48: KYB008 | B48: -6.26265 | C48: 106.77509
A49: BKS004 | B49: -6.228729 | C49: 106.97711
A50: KYB009 | B50: -6.262134 | C50: 106.79675
A51: DPK007 | B51: -6.316363 | C51: 106.78273
A52: KYB010 | B52: -6.280497 | C52: 106.84502
... A88: BKS013 | B88: -6.210542 | C88: 106.97878
A89: TNA009
A90: BKS014 | B90: -6.22632 | C90: 106.98011
A91: CBI001 | B91: -6.402422 | C91: 106.96004
A92: CKG019 | B92: -6.220937 | C92: 106.91747
A93: DPR001 | B93: -8.68093 | C93: 115.20171
A94: DPR002 | B94: -8.649182 | C94: 115.22771
A95: MGW001 | B95: -8.741153 | C95: 115.17865
A96: TJP007 | B96: -6.109649 | C96: 106.91738
A97: CKG020 | B97: -6.333009 | C97: 106.89281
A98: KYB013 | B98: -6.362908 | C98: 106.80475
A99: TJP008 | B99: -6.134334 | C99: 106.83695
A100: TEST
A101: Test AD
A102: CKG021 | B102: -6.351711 | C102: 106.88141
A103: KYB014 | B103: -6.330574 | C103: 106.83409
A104: CKG022 | B104: -6.218589 | C104: 106.89969
A105: DPK020 | B105: -6.436676 | C105: 106.84533
A106: DPR003 | B106: -8.694612 | C106: 115.21872
A107: DPR004
A108: KYB015 | B108: -6.329763 | C108: 106.82584
A109: BKS015 | B109: -6.193286 | C109: 106.97204
A110: TNG001 | B110: -6.242681 | C110: 106.71237
A111: TNG002 | B111: -6.251636 | C111: 106.7028
A112: BKS016 | B112: -6.244476 | C112: 107.00474
A113: BKS017 | B113: -6.229692 | C113: 107.01072
A114: BKS018 | B114: -6.205589 | C114: 107.00841
A115: CKG023 | B115: -6.330375 | C115: 106.86718
A116: GGP010
A117: CPT001 | B117: -6.299651 | C117: 106.76303
A118: TNG003 | B118: -6.2419 | C118: 106.70195
A119: TNG004 | B119: -6.222147 | C119: 106.69866
A120: CPT002 | B120: -6.311128 | C120: 106.72627
A121: CPT003 | B121: -6.323899 | C121: 106.76725
A122: DPR005 | B122: -8.676198 | C122: 115.20756
A123: BKS019 | B123: -6.32099 | C123: 106.92379
A124: DPR006 | B124: -8.681214 | C124: 115.20046
A125: TNG005 | B125: -6.23398 | C125: 106.73834
A126: DPR007 | B126: -8.681106 | C126: 115.20131
A127: DPK021 | B127: -6.375985 | C127: 106.81381
A128: BKS020 | B128: -6.243184 | C128: 107.03752
... A160: GGP012 | B160: -6.120604 | C160: 106.72031
A161: TNG009
A162: BGR001 | B162: -6.554992 | C162: 106.81766
A163: TNG010 | B163: -6.215614 | C163: 106.70963
A164: BKS026 | B164: -6.179958 | C164: 107.00391
A165: TGR008 | B165: -6.184897 | C165: 106.45476
A166: CPT007 | B166: -6.262875 | C166: 106.72805
A167: DPK023 | B167: -6.405034 | C167: 106.84305
A168: TNG011 | B168: -6.18 | C168: 106.59393
A169: CBI006 | B169: -6.601787 | C169: 106.76172
A170: CKR004 | B170: -6.273761 | C170: 107.10264
A171: CKR005 | B171: -6.26147 | C171: 107.05849
A172: CKR006 | B172: -6.265489 | C172: 107.08182
A173: CBI007 | B173: -6.473611 | C173: 106.86276
... A219: TGR012 | B219: -6.263253 | C219: 106.46756
A220: GGP031 | B220: -6.150095 | C220: 106.81736 | D220: -6.150095 | E220: 106.81736
A221: TNA014 | B221: -6.147867 | C221: 106.83067
A222: TNA015
A223: TNA016 | B223: -6.194074 | C223: 106.81465
A224: TNG024 | B224: -6.199569 | C224: 106.57508
A225: GGP032 | B225: -6.138157 | C225: 106.81565
...

Sheet Sheet5
A1: cabang | B1: Omset Jan25 | C1: Omset Mei26 | D1: Growth | E1: latitude_cabang | F1: longitude_cabang | G1: Persen Growth | H1: Kategori | I1: lama_buka_bulan
A2: GGP031 | B2: 2304800000 | C2: 3322750000 | D2: 1017950000 | E2: -6.150095 | F2: 106.81736 | G2: 0.44166522 | H2: Sangat Baik | I2: 104
A3: MGW001 | B3: 1970100000 | C3: 3302900000 | D3: 1332800000 | E3: -8.741153 | F3: 115.17865 | G3: 0.67651388 | H3: Sangat Baik | I3: 104
A4: DPR001 | B4: 2672300000 | C4: 3207300000 | D4: 535000000 | E4: -8.68093 | F4: 115.20171 | G4: 0.20020207 | H4: Baik | I4: 104
A5: GGP033 | B5: 2025350000 | C5: 2862550000 | D5: 837200000 | E5: -6.16589 | F5: 106.79969 | G5: 0.41336065 | H5: Sangat Baik | I5: 105
A6: KYB003 | B6: 2273900000 | C6: 2847050000 | D6: 573150000 | E6: -6.207533 | F6: 106.79079 | G6: 0.25205594 | H6: Baik | I6: 129
A7: KYB005 | B7: 2345850000 | C7: 2656750000 | D7: 310900000 | E7: -6.217174 | F7: 106.8445 | G7: 0.13253192 | H7: Baik | I7: 127
A8: KYB009 | B8: 2637850000 | C8: 2578500000 | D8: -59350000 | E8: -6.262134 | F8: 106.79675 | G8: -0.022499384 | H8: Kurang Baik | I8: 123
A9: DPR003 | B9: 1723450000 | C9: 2537200000 | D9: 813750000 | E9: -8.694612 | F9: 115.21872 | G9: 0.47216339 | H9: Sangat Baik | I9: 58
A10: GGP001 | B10: 1852850000 | C10: 2360150000 | D10: 507300000 | E10: -6.187187 | F10: 106.80764 | G10: 0.27379442 | H10: Baik | I10: 125
A11: CKR010 | B11: 1690800000 | C11: 2287650000 | D11: 596850000 | E11: -6.378256 | F11: 107.11203 | G11: 0.35299858 | H11: Sangat Baik | I11: 78
A12: TNA005 | B12: 1687550000 | C12: 2082100000 | D12: 394550000 | E12: -6.187989 | F12: 106.86392 | G12: 0.23380048 | H12: Baik | I12: 124
A13: DPR007 | B13: 1200500000 | C13: 1990000000 | D13: 789500000 | E13: -8.681106 | F13: 115.20131 | G13: 0.65764265 | H13: Sangat Baik | I13: 95
... A38: CKG010 | B38: 1341900000 | C38: 1488450000 | D38: 146550000 | E38: -6.19601 | F38: 106.85896 | G38: 0.10921082 | H38: Baik | I38: 123
A39: CJR018 | B39: #N/A | C39: 1479800000 | D39: #N/A | E39: #N/A | F39: #N/A | G39: #N/A | H39: #N/A | I39: 15
A40: CKG018 | B40: 1371650000 | C40: 1468850000 | D40: 97200000 | E40: -6.227259 | F40: 106.8817 | G40: 0.070863558 | H40: Baik | I40: 108
A41: TGR003 | B41: 1033700000 | C41: 1467050000 | D41: 433350000 | E41: -6.254868 | F41: 106.56068 | G41: 0.41922221 | H41: Sangat Baik | I41: 88
A42: TGR008 | B42: 1433000000 | C42: 1453700000 | D42: 20700000 | E42: -6.184897 | F42: 106.45476 | G42: 0.01444522 | H42: Baik | I42: 84
A43: GGP019 | B43: 811400000 | C43: 1453000000 | D43: 641600000 | E43: -6.132578 | F43: 106.69021 | G43: 0.79073207 | H43: Sangat Baik | I43: 67
A44: GIN001 | B44: 810850000 | C44: 1452800000 | D44: 641950000 | E44: -8.545309 | F44: 115.32542 | G44: 0.79170007 | H44: Sangat Baik | I44: 40
A45: KYB001 | B45: 1451000000 | C45: 1450350000 | D45: -650000 | E45: -6.218429 | F45: 106.8452 | G45: -0.00044796692 | H45: Kurang Baik | I45: 122
A46: BKS010 | B46: 1450600000 | C46: 1442650000 | D46: -7950000 | E46: -6.265078 | F46: 106.9444 | G46: -0.0054804908 | H46: Kurang Baik | I46: 114
A47: CPT016 | B47: 1170650000 | C47: 1438750000 | D47: 268100000 | E47: -6.254726 | F47: 106.651 | G47: 0.22901807 | H47: Baik | I47: 63
A48: SBM007 | B48: 1093850000 | C48: 1435750000 | D48: 341900000 | E48: -6.911597 | F48: 106.89842 | G48: 0.31256571 | H48: Baik | I48: 60
A49: CKR009 | B49: 1005950000 | C49: 1435150000 | D49: 429200000 | E49: -6.335017 | F49: 107.12083 | G49: 0.42666136 | H49: Sangat Baik | I49: 80
A50: TJP003 | B50: 1141250000 | C50: 1433650000 | D50: 292400000 | E50: -6.112084 | F50: 106.88414 | G50: 0.2562103 | H50: Baik | I50: 119
A51: BKS001 | B51: 990400000 | C51: 1427250000 | D51: 436850000 | E51: -6.267963 | F51: 106.9116 | G51: 0.44108441 | H51: Sangat Baik | I51: 131
... A76: TJP021 | B76: 994950000 | C76: 1247450000 | D76: 252500000 | E76: -6.134198 | F76: 106.75049 | G76: 0.2537816 | H76: Baik | I76: 62
A77: MGW004 | B77: #N/A | C77: 1245250000 | D77: #N/A | E77: #N/A | F77: #N/A | G77: #N/A | H77: #N/A | I77: 15
A78: MGW002 | B78: 1094850000 | C78: 1238800000 | D78: 143950000 | E78: -8.646371 | F78: 115.17206 | G78: 0.1314792 | H78: Baik | I78: 54
A79: CKG022 | B79: 1148900000 | C79: 1235550000 | D79: 86650000 | E79: -6.218589 | F79: 106.89969 | G79: 0.075419967 | H79: Baik | I79: 102
A80: SBM019 | B80: 575000000 | C80: 1235550000 | D80: 660550000 | E80: -6.9883099 | F80: 106.54861 | G80: 1.1487826 | H80: Sangat Baik | I80: 20
A81: GGP003 | B81: 1031600000 | C81: 1234250000 | D81: 202650000 | E81: -6.133037 | F81: 106.72961 | G81: 0.19644242 | H81: Baik | I81: 128
A82: KWG003 | B82: 1237000000 | C82: 1229500000 | D82: -7500000 | E82: -6.273704 | F82: 107.27161 | G82: -0.0060630558 | H82: Kurang Baik | I82: 70
A83: GGP013 | B83: 1339950000 | C83: 1226300000 | D83: -113650000 | E83: -6.165275 | F83: 106.72493 | G83: -0.084816598 | H83: Kurang Baik | I83: 79
A84: BKS056 | B84: 1222900000 | C84: 1225600000 | D84: 2700000 | E84: -6.234236 | F84: 106.97139 | G84: 0.0022078665 | H84: Baik | I84: 35
A85: TNA002 | B85: 1184300000 | C85: 1224800000 | D85: 40500000 | E85: -6.172233 | F85: 106.86355 | G85: 0.034197416 | H85: Baik | I85: 121
A86: CMS004 | B86: 716850000 | C86: 1222450000 | D86: 505600000 | E86: -7.333372 | F86: 108.35396 | G86: 0.70530794 | H86: Sangat Baik | I86: 25
A87: BKS013 | B87: 1371900000 | C87: 1221400000 | D87: -150500000 | E87: -6.210542 | F87: 106.97878 | G87: -0.10970187 | H87: Kurang Baik | I87: 105
A88: BKS025 | B88: 1141600000 | C88: 1217300000 | D88: 75700000 | E88: -6.340297 | F88: 106.9783 | G88: 0.066310441 | H88: Baik | I88: 89
A89: KWG053 | B89: 656650000 | C89: 1215600000 | D89: 558950000 | E89: -6.5166665 | F89: 107.22815 | G89: 0.8512145 | H89: Sangat Baik | I89: 22
... A244: BKS012 | B244: 801050000 | C244: 878050000 | D244: 77000000 | E244: -6.377265 | F244: 106.91918 | G244: 0.096123837 | H244: Baik | I244: 110
A245: NPH018 | B245: #N/A | C245: 875550000 | D245: #N/A | E245: #N/A | F245: #N/A | G245: #N/A | H245: #N/A | I245: 13
A246: MJL001 | B246: 798650000 | C246: 873100000 | D246: 74450000 | E246: -6.732242 | F246: 108.26244 | G246: 0.093219808 | H246: Baik | I246: 52
A247: DPR014 | B247: 460400000 | C247: 872550000 | D247: 412150000 | E247: -8.621368 | F247: 115.22364 | G247: 0.89519983 | H247: Sangat Baik | I247: 41
A248: BKS007 | B248: 1162800000 | C248: 871550000 | D248: -291250000 | E248: -6.262293 | F248: 106.98726 | G248: -0.250473 | H248: Kurang Baik | I248: 116
A249: BKS032 | B249: 789550000 | C249: 871450000 | D249: 81900000 | E249: -6.182332 | F249: 106.99072 | G249: 0.10372997 | H249: Baik | I249: 76
A250: GGP022 | B250: 574650000 | C250: 870650000 | D250: 296000000 | E250: -6.158264 | F250: 106.70516 | G250: 0.51509615 | H250: Sangat Baik | I250: 49
A251: IDM017 | B251: 446950000 | C251: 869500000 | D251: 422550000 | E251: -6.3362279 | F251: 108.33484 | G251: 0.94540776 | H251: Sangat Baik | I251: 22
A252: CJR004 | B252: 1096900000 | C252: 868600000 | D252: -228300000 | E252: -6.813535 | F252: 107.25206 | G252: -0.20813201 | H252: Kurang Baik | I252: 50
A253: KWG010 | B253: 812250000 | C253: 860900000 | D253: 48650000 | E253: -6.409114 | F253: 107.46729 | G253: 0.059895352 | H253: Baik | I253: 67
A254: KYB033 | B254: 343700000 | C254: 860850000 | D254: 517150000 | E254: -6.2084054 | F254: 106.84148 | G254: 1.5046552 | H254: Sangat Baik | I254: 22
A255: KYB022 | B255: 572600000 | C255: 860500000 | D255: 287900000 | E255: -6.318944 | F255: 106.82506 | G255: 0.50279427 | H255: Sangat Baik | I255: 62
A256: TGR004 | B256: 596300000 | C256: 860500000 | D256: 264200000 | E256: -6.230739 | F256: 106.61462 | G256: 0.44306557 | H256: Sangat Baik | I256: 87
A257: TNG019 | B257: 720100000 | C257: 859850000 | D257: 139750000 | E257: -6.207442 | F257: 106.71425 | G257: 0.19407027 | H257: Baik | I257: 61
... A286: MJL012 | B286: 529100000 | C286: 821300000 | D286: 292200000 | E286: -6.737445 | F286: 108.34626 | G286: 0.55225855 | H286: Sangat Baik | I286: 30
A287: KWG062 | B287: #N/A | C287: 821250000 | D287: #N/A | E287: #N/A | F287: #N/A | G287: #N/A | H287: #N/A | I287: 15
A288: SKB005 | B288: 705050000 | C288: 820000000 | D288: 114950000 | E288: -6.930549 | F288: 106.93259 | G288: 0.16303808 | H288: Baik | I288: 25
A289: CBI059 | B289: 388650000 | C289: 818950000 | D289: 430300000 | E289: -6.3521184 | F289: 106.56773 | G289: 1.1071658 | H289: Sangat Baik | I289: 22
A290: CKG037 | B290: 909900000 | C290: 818850000 | D290: -91050000 | E290: -6.206584 | F290: 106.9352 | G290: -0.10006594 | H290: Kurang Baik | I290: 70
A291: CBI055 | B291: 919300000 | C291: 815400000 | D291: -103900000 | E291: -6.55922 | F291: 106.71213 | G291: -0.11302078 | H291: Kurang Baik | I291: 76
A292: CKG001 | B292: 792200000 | C292: 814800000 | D292: 22600000 | E292: -6.189655 | F292: 106.89099 | G292: 0.028528149 | H292: Baik | I292: 128
A293: CKG032 | B293: 604950000 | C293: 813750000 | D293: 208800000 | E293: -6.342554 | F293: 106.90768 | G293: 0.34515249 | H293: Baik | I293: 76
A294: KYB014 | B294: 720450000 | C294: 812800000 | D294: 92350000 | E294: -6.330574 | F294: 106.83409 | G294: 0.12818377 | H294: Baik | I294: 102
A295: SBM013 | B295: 564300000 | C295: 808550000 | D295: 244250000 | E295: -6.97704 | F295: 106.84933 | G295: 0.43283714 | H295: Sangat Baik | I295: 23
A296: KNG005 | B296: 727700000 | C296: 806400000 | D296: 78700000 | E296: -6.983945 | F296: 108.48451 | G296: 0.10814896 | H296: Baik | I296: 44
A297: BKS023 | B297: 909050000 | C297: 805900000 | D297: -103150000 | E297: -6.229036 | F297: 106.9547 | G297: -0.11347011 | H297: Kurang Baik | I297: 92
A298: CKR016 | B298: 854250000 | C298: 805850000 | D298: -48400000 | E298: -6.152779 | F298: 106.99059 | G298: -0.056657887 | H298: Kurang Baik | I298: 59
A299: SMD009 | B299: 697700000 | C299: 805300000 | D299: 107600000 | E299: -6.814578 | F299: 107.95275 | G299: 0.15422101 | H299: Baik | I299: 45
... A322: CBI067 | B322: 337950000 | C322: 777150000 | D322: 439200000 | E322: -6.360693 | F322: 106.97662 | G322: 1.2996005 | H322: Sangat Baik | I322: 19
A323: JPA004 | B323: #N/A | C323: 776850000 | D323: #N/A | E323: #N/A | F323: #N/A | G323: #N/A | H323: #N/A | I323: 15
A324: TNG003 | B324: 537850000 | C324: 775700000 | D324: 237850000 | E324: -6.2419 | F324: 106.70195 | G324: 0.44222367 | H324: Sangat Baik | I324: 96
A325: DPK043 | B325: 707750000 | C325: 775150000 | D325: 67400000 | E325: -6.398561 | F325: 106.8511 | G325: 0.095231367 | H325: Baik | I325: 48
A326: PWT001 | B326: 521500000 | C326: 772550000 | D326: 251050000 | E326: -7.512495 | F326: 109.05796 | G326: 0.48139981 | H326: Sangat Baik | I326: 37
A327: GRT016 | B327: 275550000 | C327: 772350000 | D327: 496800000 | E327: -7.160487 | F327: 108.00729 | G327: 1.8029396 | H327: Sangat Baik | I327: 37
A328: CBI051 | B328: 678000000 | C328: 769950000 | D328: 91950000 | E328: -6.63114 | F328: 106.779 | G328: 0.13561947 | H328: Baik | I328: 41
A329: KBM002 | B329: 346050000 | C329: 769450000 | D329: 423400000 | E329: -7.664637 | F329: 109.65813 | G329: 1.2235226 | H329: Sangat Baik | I329: 29
A330: GGP026 | B330: 634900000 | C330: 768350000 | D330: 133450000 | E330: -6.168487 | F330: 106.76192 | G330: 0.21019058 | H330: Baik | I330: 38
A331: DPK032 | B331: 596900000 | C331: 768050000 | D331: 171150000 | E331: -6.440526 | F331: 106.81997 | G331: 0.28673145 | H331: Baik | I331: 62
A332: CLG003 | B332: 803700000 | C332: 767450000 | D332: -36250000 | E332: -6.026807 | F332: 106.05087 | G332: -0.045103894 | H332: Kurang Baik | I332: 53
A333: CBI032 | B333: 576200000 | C333: 766250000 | D333: 190050000 | E333: -6.364692 | F333: 106.95419 | G333: 0.32983339 | H333: Baik | I333: 58
A334: SOR007 | B334: 685500000 | C334: 766100000 | D334: 80600000 | E334: -6.956599 | F334: 107.76828 | G334: 0.11757841 | H334: Baik | I334: 53
A335: MJL003 | B335: 743400000 | C335: 765700000 | D335: 22300000 | E335: -6.834516 | F335: 108.23672 | G335: 0.02999731 | H335: Baik | I335: 52
... A432: CKR006 | B432: 533150000 | C432: 683900000 | D432: 150750000 | E432: -6.265489 | F432: 107.08182 | G432: 0.28275345 | H432: Baik | I432: 82
A433: TNG036 | B433: #N/A | C433: 683700000 | D433: #N/A | E433: #N/A | F433: #N/A | G433: #N/A | H433: #N/A | I433: 13
A434: GRT007 | B434: 473050000 | C434: 680350000 | D434: 207300000 | E434: -7.100834 | F434: 107.95727 | G434: 0.43822006 | H434: Sangat Baik | I434: 50
A435: TGR019 | B435: 393450000 | C435: 679500000 | D435: 286050000 | E435: -6.128079 | F435: 106.58838 | G435: 0.72703012 | H435: Sangat Baik | I435: 66
A436: GGP011 | B436: 615850000 | C436: 679050000 | D436: 63200000 | E436: -6.20929 | F436: 106.75893 | G436: 0.10262239 | H436: Baik | I436: 91
A437: KDS001 | B437: 182550000 | C437: 678300000 | D437: 495750000 | E437: -6.80418 | F437: 110.86693 | G437: 2.7156943 | H437: Sangat Baik | I437: 19
A438: SOR032 | B438: 582750000 | C438: 677500000 | D438: 94750000 | E438: -6.962252 | F438: 107.75491 | G438: 0.16259116 | H438: Baik | I438: 38
A439: TNG002 | B439: 684150000 | C439: 676350000 | D439: -7800000 | E439: -6.251636 | F439: 106.7028 | G439: -0.011401009 | H439: Kurang Baik | I439: 98
A440: BKS048 | B440: 683600000 | C440: 675250000 | D440: -8350000 | E440: -6.283537 | F440: 106.93043 | G440: -0.012214745 | H440: Kurang Baik | I440: 59
A441: PWT004 | B441: 340650000 | C441: 675100000 | D441: 334450000 | E441: -7.407932 | F441: 109.2455 | G441: 0.9817995 | H441: Sangat Baik | I441: 33
A442: BGR005 | B442: 572700000 | C442: 674650000 | D442: 101950000 | E442: -6.575624 | F442: 106.75232 | G442: 0.17801641 | H442: Baik | I442: 75
A443: SLW005 | B443: 225150000 | C443: 674500000 | D443: 449350000 | E443: -6.907481 | F443: 109.12658 | G443: 1.9957806 | H443: Sangat Baik | I443: 37
A444: TSM001 | B444: 589850000 | C444: 674050000 | D444: 84200000 | E444: -7.306899 | F444: 108.20799 | G444: 0.14274816 | H444: Baik | I444: 51
A445: BKS042 | B445: 533500000 | C445: 673600000 | D445: 140100000 | E445: -6.202754 | F445: 107.0021 | G445: 0.26260544 | H445: Baik | I445: 65
... A456: PDG010 | B456: 301350000 | C456: 665750000 | D456: 364400000 | E456: -6.401382 | F456: 105.99227 | G456: 1.2092252 | H456: Sangat Baik | I456: 22
A457: CBI080 | B457: #N/A | C457: 664250000 | D457: #N/A | E457: #N/A | F457: #N/A | G457: #N/A | H457: #N/A | I457: 15
A458: CBI003 | B458: 544500000 | C458: 662450000 | D458: 117950000 | E458: -6.395209 | F458: 106.96988 | G458: 0.21662075 | H458: Baik | I458: 89
...

Sheet Copy of Sheet5
A1: cabang | B1: Omset Jan25 | C1: Omset Mei25 | D1: Growth | E1: latitude_cabang | F1: longitude_cabang | G1: Persen Growth | H1: Kategori | I1: lama_buka_bulan
A2: GGP031 | B2: 2304800000 | C2: 3322750000 | D2: 1017950000 | E2: -6.150095 | F2: 106.81736 | G2: 0.44166522 | H2: Sangat Baik | I2: 104
A3: MGW001 | B3: 1970100000 | C3: 3302900000 | D3: 1332800000 | E3: -8.741153 | F3: 115.17865 | G3: 0.67651388 | H3: Sangat Baik | I3: 104
A4: DPR001 | B4: 2672300000 | C4: 3207300000 | D4: 535000000 | E4: -8.68093 | F4: 115.20171 | G4: 0.20020207 | H4: Baik | I4: 104
A5: GGP033 | B5: 2025350000 | C5: 2862550000 | D5: 837200000 | E5: -6.16589 | F5: 106.79969 | G5: 0.41336065 | H5: Sangat Baik | I5: 105
A6: KYB003 | B6: 2273900000 | C6: 2847050000 | D6: 573150000 | E6: -6.207533 | F6: 106.79079 | G6: 0.25205594 | H6: Baik | I6: 129
A7: KYB005 | B7: 2345850000 | C7: 2656750000 | D7: 310900000 | E7: -6.217174 | F7: 106.8445 | G7: 0.13253192 | H7: Baik | I7: 127
A8: KYB009 | B8: 2637850000 | C8: 2578500000 | D8: -59350000 | E8: -6.262134 | F8: 106.79675 | G8: -0.022499384 | H8: Kurang Baik | I8: 123
A9: DPR003 | B9: 1723450000 | C9: 2537200000 | D9: 813750000 | E9: -8.694612 | F9: 115.21872 | G9: 0.47216339 | H9: Sangat Baik | I9: 58
A10: GGP001 | B10: 1852850000 | C10: 2360150000 | D10: 507300000 | E10: -6.187187 | F10: 106.80764 | G10: 0.27379442 | H10: Baik | I10: 125
A11: CKR010 | B11: 1690800000 | C11: 2287650000 | D11: 596850000 | E11: -6.378256 | F11: 107.11203 | G11: 0.35299858 | H11: Sangat Baik | I11: 78
A12: TNA005 | B12: 1687550000 | C12: 2082100000 | D12: 394550000 | E12: -6.187989 | F12: 106.86392 | G12: 0.23380048 | H12: Baik | I12: 124
A13: DPR007 | B13: 1200500000 | C13: 1990000000 | D13: 789500000 | E13: -8.681106 | F13: 115.20131 | G13: 0.65764265 | H13: Sangat Baik | I13: 95
... A38: CKG010 | B38: 1341900000 | C38: 1488450000 | D38: 146550000 | E38: -6.19601 | F38: 106.85896 | G38: 0.10921082 | H38: Baik | I38: 123
A39: CJR018 | B39: #N/A | C39: 1479800000 | D39: #N/A | E39: #N/A | F39: #N/A | G39: #N/A | H39: #N/A | I39: 15
A40: CKG018 | B40: 1371650000 | C40: 1468850000 | D40: 97200000 | E40: -6.227259 | F40: 106.8817 | G40: 0.070863558 | H40: Baik | I40: 108
A41: TGR003 | B41: 1033700000 | C41: 1467050000 | D41: 433350000 | E41: -6.254868 | F41: 106.56068 | G41: 0.41922221 | H41: Sangat Baik | I41: 88
A42: TGR008 | B42: 1433000000 | C42: 1453700000 | D42: 20700000 | E42: -6.184897 | F42: 106.45476 | G42: 0.01444522 | H42: Baik | I42: 84
A43: GGP019 | B43: 811400000 | C43: 1453000000 | D43: 641600000 | E43: -6.132578 | F43: 106.69021 | G43: 0.79073207 | H43: Sangat Baik | I43: 67
A44: GIN001 | B44: 810850000 | C44: 1452800000 | D44: 641950000 | E44: -8.545309 | F44: 115.32542 | G44: 0.79170007 | H44: Sangat Baik | I44: 40
A45: KYB001 | B45: 1451000000 | C45: 1450350000 | D45: -650000 | E45: -6.218429 | F45: 106.8452 | G45: -0.00044796692 | H45: Kurang Baik | I45: 122
A46: BKS010 | B46: 1450600000 | C46: 1442650000 | D46: -7950000 | E46: -6.265078 | F46: 106.9444 | G46: -0.0054804908 | H46: Kurang Baik | I46: 114
A47: CPT016 | B47: 1170650000 | C47: 1438750000 | D47: 268100000 | E47: -6.254726 | F47: 106.651 | G47: 0.22901807 | H47: Baik | I47: 63
A48: SBM007 | B48: 1093850000 | C48: 1435750000 | D48: 341900000 | E48: -6.911597 | F48: 106.89842 | G48: 0.31256571 | H48: Baik | I48: 60
A49: CKR009 | B49: 1005950000 | C49: 1435150000 | D49: 429200000 | E49: -6.335017 | F49: 107.12083 | G49: 0.42666136 | H49: Sangat Baik | I49: 80
A50: TJP003 | B50: 1141250000 | C50: 1433650000 | D50: 292400000 | E50: -6.112084 | F50: 106.88414 | G50: 0.2562103 | H50: Baik | I50: 119
A51: BKS001 | B51: 990400000 | C51: 1427250000 | D51: 436850000 | E51: -6.267963 | F51: 106.9116 | G51: 0.44108441 | H51: Sangat Baik | I51: 131
... A76: TJP021 | B76: 994950000 | C76: 1247450000 | D76: 252500000 | E76: -6.134198 | F76: 106.75049 | G76: 0.2537816 | H76: Baik | I76: 62
A77: MGW004 | B77: #N/A | C77: 1245250000 | D77: #N/A | E77: #N/A | F77: #N/A | G77: #N/A | H77: #N/A | I77: 15
A78: MGW002 | B78: 1094850000 | C78: 1238800000 | D78: 143950000 | E78: -8.646371 | F78: 115.17206 | G78: 0.1314792 | H78: Baik | I78: 54
A79: CKG022 | B79: 1148900000 | C79: 1235550000 | D79: 86650000 | E79: -6.218589 | F79: 106.89969 | G79: 0.075419967 | H79: Baik | I79: 102
A80: SBM019 | B80: 575000000 | C80: 1235550000 | D80: 660550000 | E80: -6.9883099 | F80: 106.54861 | G80: 1.1487826 | H80: Sangat Baik | I80: 20
A81: GGP003 | B81: 1031600000 | C81: 1234250000 | D81: 202650000 | E81: -6.133037 | F81: 106.72961 | G81: 0.19644242 | H81: Baik | I81: 128
A82: KWG003 | B82: 1237000000 | C82: 1229500000 | D82: -7500000 | E82: -6.273704 | F82: 107.27161 | G82: -0.0060630558 | H82: Kurang Baik | I82: 70
A83: GGP013 | B83: 1339950000 | C83: 1226300000 | D83: -113650000 | E83: -6.165275 | F83: 106.72493 | G83: -0.084816598 | H83: Kurang Baik | I83: 79
A84: BKS056 | B84: 1222900000 | C84: 1225600000 | D84: 2700000 | E84: -6.234236 | F84: 106.97139 | G84: 0.0022078665 | H84: Baik | I84: 35
A85: TNA002 | B85: 1184300000 | C85: 1224800000 | D85: 40500000 | E85: -6.172233 | F85: 106.86355 | G85: 0.034197416 | H85: Baik | I85: 121
A86: CMS004 | B86: 716850000 | C86: 1222450000 | D86: 505600000 | E86: -7.333372 | F86: 108.35396 | G86: 0.70530794 | H86: Sangat Baik | I86: 25
A87: BKS013 | B87: 1371900000 | C87: 1221400000 | D87: -150500000 | E87: -6.210542 | F87: 106.97878 | G87: -0.10970187 | H87: Kurang Baik | I87: 105
A88: BKS025 | B88: 1141600000 | C88: 1217300000 | D88: 75700000 | E88: -6.340297 | F88: 106.9783 | G88: 0.066310441 | H88: Baik | I88: 89
A89: KWG053 | B89: 656650000 | C89: 1215600000 | D89: 558950000 | E89: -6.5166665 | F89: 107.22815 | G89: 0.8512145 | H89: Sangat Baik | I89: 22
... A136: CKR031 | B136: 842450000 | C136: 1084450000 | D136: 242000000 | E136: -6.126316 | F136: 106.99158 | G136: 0.2872574 | H136: Baik | I136: 24
A137: DPR019 | B137: #N/A | C137: 1084050000 | D137: #N/A | E137: #N/A | F137: #N/A | G137: #N/A | H137: #N/A | I137: 9
A138: SMD001 | B138: 984300000 | C138: 1081850000 | D138: 97550000 | E138: -6.855937 | F138: 107.92207 | G138: 0.099105964 | H138: Baik | I138: 52
A139: GGP030 | B139: 482800000 | C139: 1081550000 | D139: 598750000 | E139: -6.145593 | F139: 106.80702 | G139: 1.2401616 | H139: Sangat Baik | I139: 30
A140: SBR006 | B140: 928400000 | C140: 1079650000 | D140: 151250000 | E140: -6.812098 | F140: 108.61553 | G140: 0.16291469 | H140: Baik | I140: 50
A141: SNG007 | B141: 654350000 | C141: 1076450000 | D141: 422100000 | E141: -6.525252 | F141: 107.67327 | G141: 0.64506762 | H141: Sangat Baik | I141: 48
A142: SOR011 | B142: 782850000 | C142: 1075150000 | D142: 292300000 | E142: -7.047706 | F142: 107.58396 | G142: 0.37337932 | H142: Sangat Baik | I142: 53
A143: CKG008 | B143: 1033150000 | C143: 1070650000 | D143: 37500000 | E143: -6.25761 | F143: 106.8638 | G143: 0.036296762 | H143: Baik | I143: 122
A144: TJP024 | B144: 696450000 | C144: 1066750000 | D144: 370300000 | E144: -6.147252 | F144: 106.95626 | G144: 0.53169646 | H144: Sangat Baik | I144: 49
A145: SOR002 | B145: 966850000 | C145: 1062400000 | D145: 95550000 | E145: -6.986236 | F145: 107.62732 | G145: 0.098826085 | H145: Baik | I145: 60
A146: CBI017 | B146: 1033600000 | C146: 1062250000 | D146: 28650000 | E146: -6.466653 | F146: 107.06105 | G146: 0.027718653 | H146: Baik | I146: 72
A147: KYB039 | B147: #N/A | C147: 1060800000 | D147: #N/A | E147: #N/A | F147: #N/A | G147: #N/A | H147: #N/A | I147: 10
A148: KWG009 | B148: 860250000 | C148: 1058600000 | D148: 198350000 | E148: -6.4154 | F148: 107.46783 | G148: 0.23057251 | H148: Baik | I148: 67
A149: DPR002 | B149: 724850000 | C149: 1057950000 | D149: 333100000 | E149: -8.649182 | F149: 115.22771 | G149: 0.45954335 | H149: Sangat Baik | I149: 104
A150: DPK006 | B150: 889250000 | C150: 1057700000 | D150: 168450000 | E150: -6.387814 | F150: 106.82682 | G150: 0.18942929 | H150: Baik | I150: 122
A151: NPH012 | B151: 914100000 | C151: 1050150000 | D151: 136050000 | E151: -6.817352 | F151: 107.62214 | G151: 0.14883492 | H151: Baik | I151: 42
A152: MGW006 | B152: #N/A | C152: 1049100000 | D152: #N/A | E152: #N/A | F152: #N/A | G152: #N/A | H152: #N/A | I152: 6
A153: KYB012 | B153: 1158650000 | C153: 1047850000 | D153: -110800000 | E153: -6.308757 | F153: 106.79361 | G153: -0.095628533 | H153: Kurang Baik | I153: 111
A154: GGP015 | B154: 737850000 | C154: 1046450000 | D154: 308600000 | E154: -6.121322 | F154: 106.71629 | G154: 0.41824219 | H154: Sangat Baik | I154: 74
A155: CKR028 | B155: 717000000 | C155: 1044700000 | D155: 327700000 | E155: -6.245373 | F155: 107.08924 | G155: 0.45704324 | H155: Sangat Baik | I155: 50
A156: IDM005 | B156: 758400000 | C156: 1039900000 | D156: 281500000 | E156: -6.377924 | F156: 108.2932 | G156: 0.37117616 | H156: Sangat Baik | I156: 49
A157: GRT009 | B157: 730950000 | C157: 1035000000 | D157: 304050000 | E157: -7.17737 | F157: 107.97917 | G157: 0.41596552 | H157: Sangat Baik | I157: 50
A158: KWG019 | B158: 840700000 | C158: 1034050000 | D158: 193350000 | E158: -6.288839 | F158: 107.38471 | G158: 0.22998692 | H158: Baik | I158: 53
A159: GGP025 | B159: 842000000 | C159: 1030450000 | D159: 188450000 | E159: -6.104524 | F159: 106.70658 | G159: 0.22381235 | H159: Baik | I159: 38
A160: CPT007 | B160: 713550000 | C160: 1023900000 | D160: 310350000 | E160: -6.262875 | F160: 106.72805 | G160: 0.43493799 | H160: Sangat Baik | I160: 84
A161: SOR008 | B161: 959500000 | C161: 1022800000 | D161: 63300000 | E161: -7.010125 | F161: 107.62967 | G161: 0.06597186 | H161: Baik | I161: 53
A162: SNG021 | B162: 622000000 | C162: 1019750000 | D162: 397750000 | E162: -6.5586071 | F162: 107.79856 | G162: 0.63946945 | H162: Sangat Baik | I162: 21
A163: CJR007 | B163: 1521950000 | C163: 1018100000 | D163: -503850000 | E163: -6.718645 | F163: 107.03111 | G163: -0.33105555 | H163: Kurang Baik | I163: 45
A164: TNG004 | B164: 762100000 | C164: 1017400000 | D164: 255300000 | E164: -6.222147 | F164: 106.69866 | G164: 0.33499541 | H164: Baik | I164: 96
... A247: BKS012 | B247: 801050000 | C247: 878050000 | D247: 77000000 | E247: -6.377265 | F247: 106.91918 | G247: 0.096123837 | H247: Baik | I247: 110
A248: NPH018 | B248: #N/A | C248: 875550000 | D248: #N/A | E248: #N/A | F248: #N/A | G248: #N/A | H248: #N/A | I248: 13
A249: MJL001 | B249: 798650000 | C249: 873100000 | D249: 74450000 | E249: -6.732242 | F249: 108.26244 | G249: 0.093219808 | H249: Baik | I249: 52
A250: DPR014 | B250: 460400000 | C250: 872550000 | D250: 412150000 | E250: -8.621368 | F250: 115.22364 | G250: 0.89519983 | H250: Sangat Baik | I250: 41
A251: BKS007 | B251: 1162800000 | C251: 871550000 | D251: -291250000 | E251: -6.262293 | F251: 106.98726 | G251: -0.250473 | H251: Kurang Baik | I251: 116
A252: BKS032 | B252: 789550000 | C252: 871450000 | D252: 81900000 | E252: -6.182332 | F252: 106.99072 | G252: 0.10372997 | H252: Baik | I252: 76
A253: GGP022 | B253: 574650000 | C253: 870650000 | D253: 296000000 | E253: -6.158264 | F253: 106.70516 | G253: 0.51509615 | H253: Sangat Baik | I253: 49
A254: IDM017 | B254: 446950000 | C254: 869500000 | D254: 422550000 | E254: -6.3362279 | F254: 108.33484 | G254: 0.94540776 | H254: Sangat Baik | I254: 22
A255: CJR004 | B255: 1096900000 | C255: 868600000 | D255: -228300000 | E255: -6.813535 | F255: 107.25206 | G255: -0.20813201 | H255: Kurang Baik | I255: 50
A256: KWG010 | B256: 812250000 | C256: 860900000 | D256: 48650000 | E256: -6.409114 | F256: 107.46729 | G256: 0.059895352 | H256: Baik | I256: 67
A257: KYB033 | B257: 343700000 | C257: 860850000 | D257: 517150000 | E257: -6.2084054 | F257: 106.84148 | G257: 1.5046552 | H257: Sangat Baik | I257: 22
A258: KYB022 | B258: 572600000 | C258: 860500000 | D258: 287900000 | E258: -6.318944 | F258: 106.82506 | G258: 0.50279427 | H258: Sangat Baik | I258: 62
A259: TGR004 | B259: 596300000 | C259: 860500000 | D259: 264200000 | E259: -6.230739 | F259: 106.61462 | G259: 0.44306557 | H259: Sangat Baik | I259: 87
A260: TNG019 | B260: 720100000 | C260: 859850000 | D260: 139750000 | E260: -6.207442 | F260: 106.71425 | G260: 0.19407027 | H260: Baik | I260: 61
... A268: GGP002 | B268: 692950000 | C268: 847400000 | D268: 154450000 | E268: -6.164994 | F268: 106.78249 | G268: 0.22288765 | H268: Baik | I268: 126
A269: DPR021 | B269: #N/A | C269: 847300000 | D269: #N/A | E269: #N/A | F269: #N/A | G269: #N/A | H269: #N/A | I269: 4
A270: GRT021 | B270: 608200000 | C270: 845300000 | D270: 237100000 | E270: -7.211796 | F270: 107.90777 | G270: 0.38983887 | H270: Sangat Baik | I270: 24
A271: BDG009 | B271: 623450000 | C271: 844700000 | D271: 221250000 | E271: -6.925748 | F271: 107.5887 | G271: 0.3548801 | H271: Sangat Baik | I271: 44
A272: GIN002 | B272: 339550000 | C272: 844700000 | D272: 505150000 | E272: -8.515099 | F272: 115.26976 | G272: 1.4877043 | H272: Sangat Baik | I272: 27
A273: CMH003 | B273: 719800000 | C273: 843100000 | D273: 123300000 | E273: -6.89711 | F273: 107.55846 | G273: 0.17129758 | H273: Baik | I273: 60
A274: CKR036 | B274: 194750000 | C274: 842150000 | D274: 647400000 | E274: -6.272576 | F274: 107.17571 | G274: 3.3242619 | H274: Sangat Baik | I274: 18
A275: BGR001 | B275: 569000000 | C275: 842100000 | D275: 273100000 | E275: -6.554992 | F275: 106.81766 | G275: 0.47996485 | H275: Sangat Baik | I275: 85
A276: KBM004 | B276: 358150000 | C276: 840850000 | D276: 482700000 | E276: -7.608581 | F276: 109.51543 | G276: 1.3477593 | H276: Sangat Baik | I276: 28
A277: CKG036 | B277: 707800000 | C277: 839800000 | D277: 132000000 | E277: -6.169849 | F277: 106.93465 | G277: 0.18649336 | H277: Baik | I277: 71
A278: DPK025 | B278: 781650000 | C278: 839700000 | D278: 58050000 | E278: -6.330778 | F278: 106.79767 | G278: 0.074265976 | H278: Baik | I278: 77
A279: SNG011 | B279: 696250000 | C279: 839650000 | D279: 143400000 | E279: -6.468619 | F279: 107.8098 | G279: 0.2059605 | H279: Baik | I279: 46
A280: CKR001 | B280: 825800000 | C280: 838300000 | D280: 12500000 | E280: -6.266507 | F280: 107.01709 | G280: 0.015136837 | H280: Baik | I280: 93
A281: DPR009 | B281: 513750000 | C281: 838100000 | D281: 324350000 | E281: -8.695327 | F281: 115.22697 | G281: 0.6313382 | H281: Sangat Baik | I281: 61
... A290: MJL012 | B290: 529100000 | C290: 821300000 | D290: 292200000 | E290: -6.737445 | F290: 108.34626 | G290: 0.55225855 | H290: Sangat Baik | I290: 30
A291: KWG062 | B291: #N/A | C291: 821250000 | D291: #N/A | E291: #N/A | F291: #N/A | G291: #N/A | H291: #N/A | I291: 15
...

Sheet Copy of Summary
A1: cabang | B1: Omset Jan25 | C1: Omset Mei26 | D1: Growth | E1: latitude_cabang | F1: longitude_cabang | G1: Persen Growth | H1: lama_buka_bulan
A2: DPR001 | B2: 2672300000 | C2: 3207300000 | D2: 535000000 | E2: -8.68093 | F2: 115.20171 | G2: =D2/B2 -> 0.20020207 | H2: =VLOOKUP(A2,Sheet4!A:B,2,0) -> 104
A3: KYB009 | B3: 2637850000 | C3: 2578500000 | D3: -59350000 | E3: -6.262134 | F3: 106.79675 | G3: =D3/B3 -> -0.022499384 | H3: =VLOOKUP(A3,Sheet4!A:B,2,0) -> 123
A4: KYB005 | B4: 2345850000 | C4: 2656750000 | D4: 310900000 | E4: -6.217174 | F4: 106.8445 | G4: =D4/B4 -> 0.13253192 | H4: =VLOOKUP(A4,Sheet4!A:B,2,0) -> 127
A5: GGP031 | B5: 2304800000 | C5: 3322750000 | D5: 1017950000 | E5: -6.150095 | F5: 106.81736 | G5: =D5/B5 -> 0.44166522 | H5: =VLOOKUP(A5,Sheet4!A:B,2,0) -> 104
A6: KYB003 | B6: 2273900000 | C6: 2847050000 | D6: 573150000 | E6: -6.207533 | F6: 106.79079 | G6: =D6/B6 -> 0.25205594 | H6: =VLOOKUP(A6,Sheet4!A:B,2,0) -> 129
A7: GGP033 | B7: 2025350000 | C7: 2862550000 | D7: 837200000 | E7: -6.16589 | F7: 106.79969 | G7: =D7/B7 -> 0.41336065 | H7: =VLOOKUP(A7,Sheet4!A:B,2,0) -> 105
A8: MGW001 | B8: 1970100000 | C8: 3302900000 | D8: 1332800000 | E8: -8.741153 | F8: 115.17865 | G8: =D8/B8 -> 0.67651388 | H8: =VLOOKUP(A8,Sheet4!A:B,2,0) -> 104
A9: GGP001 | B9: 1852850000 | C9: 2360150000 | D9: 507300000 | E9: -6.187187 | F9: 106.80764 | G9: =D9/B9 -> 0.27379442 | H9: =VLOOKUP(A9,Sheet4!A:B,2,0) -> 125
A10: DPR003 | B10: 1723450000 | C10: 2537200000 | D10: 813750000 | E10: -8.694612 | F10: 115.21872 | G10: =D10/B10 -> 0.47216339 | H10: =VLOOKUP(A10,Sheet4!A:B,2,0) -> 58
A11: TNG025 | B11: 1721500000 | C11: 1782950000 | D11: 61450000 | E11: -6.207352 | F11: 106.60545 | G11: =D11/B11 -> 0.035695614 | H11: =VLOOKUP(A11,Sheet4!A:B,2,0) -> 104
A12: DPK004 | B12: 1718300000 | C12: 1635800000 | D12: -82500000 | E12: -6.354991 | F12: 106.84318 | G12: =D12/B12 -> -0.048012571 | H12: =VLOOKUP(A12,Sheet4!A:B,2,0) -> 127
A13: CKR010 | B13: 1690800000 | C13: 2287650000 | D13: 596850000 | E13: -6.378256 | F13: 107.11203 | G13: =D13/B13 -> 0.35299858 | H13: =VLOOKUP(A13,Sheet4!A:B,2,0) -> 78
... A1071: DPK053 | B1071: 1350000 | C1071: 176950000 | D1071: 175600000 | E1071: -6.4065532 | F1071: 106.78933 | G1071: =D1071/B1071 -> 130.07407 | H1071: =VLOOKUP(A1071,Sheet4!A:B,2,0) -> 16

Sheet Sheet4
A1: cabang | B1: lama_buka_bulan
A2: GGP031 | B2: 104
A3: MGW001 | B3: 104
A4: DPR001 | B4: 104
A5: GGP033 | B5: 105
A6: KYB003 | B6: 129
A7: KYB005 | B7: 127
A8: KYB009 | B8: 123
A9: DPR003 | B9: 58
A10: GGP001 | B10: 125
A11: CKR010 | B11: 78
A12: TNA005 | B12: 124
A13: DPR007 | B13: 95
... A1662: UNR009 | B1662: 0
